{"cameraMode":{"drawMode":0,"name":"Shaded","section":"Shading Mode"},"sceneLighting":true,"audioPlay":false,"sceneViewState":{"showFog":false,"showMaterialUpdate":false,"showSkybox":true,"showFlares":false,"showImageEffects":false,"showParticleSystems":false},"in2DMode":false,"pivot":{"x":-14.858654975891114,"y":3.5689926147460939,"z":-8.564830780029297},"rotation":{"x":-0.07753290981054306,"y":0.5816169381141663,"z":0.055835843086242679,"w":0.8078507781028748},"size":2.0808651447296144,"orthographic":false}