{"cameraMode":{"drawMode":0,"name":"Shaded","section":"Shading Mode"},"sceneLighting":false,"audioPlay":false,"sceneViewState":{"showFog":false,"showMaterialUpdate":false,"showSkybox":false,"showFlares":false,"showImageEffects":false,"showParticleSystems":false},"in2DMode":false,"pivot":{"x":0.5730000138282776,"y":3.055000066757202,"z":1.6629999876022339},"rotation":{"x":-0.07898449897766113,"y":0.7608374953269959,"z":-0.0942886546254158,"w":-0.6372110247612},"size":0.16987982392311097,"orthographic":false}