{"cameraMode":{"drawMode":0,"name":"Shaded","section":"Shading Mode"},"sceneLighting":true,"audioPlay":false,"sceneViewState":{"showFog":false,"showMaterialUpdate":false,"showSkybox":true,"showFlares":false,"showImageEffects":false,"showParticleSystems":false},"in2DMode":false,"pivot":{"x":-0.32397231459617617,"y":22.26176643371582,"z":-47.26844787597656},"rotation":{"x":0.16997721791267396,"y":0.07530451565980911,"z":-0.01303816121071577,"w":0.9825021028518677},"size":1.1660254001617432,"orthographic":false}