{"cameraMode":{"drawMode":0,"name":"Shaded","section":"Shading Mode"},"sceneLighting":true,"audioPlay":false,"sceneViewState":{"showFog":false,"showMaterialUpdate":false,"showSkybox":true,"showFlares":false,"showImageEffects":false,"showParticleSystems":false},"in2DMode":false,"pivot":{"x":681.8616333007813,"y":373.80908203125,"z":-38.69936752319336},"rotation":{"x":-0.028186392039060594,"y":0.004492764361202717,"z":0.00012782853445969522,"w":0.9995977878570557},"size":460.184814453125,"orthographic":false}