{"cameraMode":{"drawMode":0,"name":"Shaded","section":"Shading Mode"},"sceneLighting":true,"audioPlay":false,"sceneViewState":{"showFog":false,"showMaterialUpdate":false,"showSkybox":true,"showFlares":false,"showImageEffects":false,"showParticleSystems":false},"in2DMode":false,"pivot":{"x":-8.474688529968262,"y":8.295795440673829,"z":-7.687369346618652},"rotation":{"x":-0.00859340000897646,"y":0.5717795491218567,"z":0.006034955382347107,"w":0.8203842043876648},"size":7.231136798858643,"orthographic":false}